{"cameraMode":{"drawMode":0,"name":"Shaded","section":"Shading Mode"},"sceneLighting":true,"audioPlay":false,"sceneViewState":{"m_AlwaysRefresh":false,"showFog":true,"showSkybox":true,"showFlares":true,"showImageEffects":true,"showParticleSystems":true,"showVisualEffectGraphs":true,"m_FxEnabled":true},"in2DMode":false,"pivot":{"x":40.619483947753909,"y":-42.90586471557617,"z":128.60821533203126},"rotation":{"x":0.16021378338336945,"y":0.14161276817321778,"z":-0.02322983928024769,"w":0.9766080975532532},"size":75.16415405273438,"orthographic":false}